<?xml version = '1.0' encoding = 'UTF-8'?>
<relationalModel class="oracle.dbtools.crest.model.design.relational.RelationalDesign" name="Relational_1" id="CA15286A-4C3D-903B-AD3E-89DA83226A77" mainViewID="FD7C5501-FB48-9EAC-0E4F-FBBA4F52C819">
<createdBy>logonrmlocal</createdBy>
<createdTime>2023-04-01 00:51:39 UTC</createdTime>
<ownerDesignName>VendeBem</ownerDesignName>
<shouldBeOpen>false</shouldBeOpen>
<selectedRDBMSSite>32076570-2523-435C-2E92-BF29817DFF70</selectedRDBMSSite>
</relationalModel>