<?xml version = '1.0' encoding = 'UTF-8'?>
<Entity class="oracle.dbtools.crest.model.design.logical.Entity" directorySegmentName="seg_0" id="37BAE53F-F85D-2284-4644-1EDDA84A23B8" name="Pedido">
<createdBy>logonrmlocal</createdBy>
<createdTime>2023-04-01 01:04:16 UTC</createdTime>
<ownerDesignName>VendeBem</ownerDesignName>
<engineerTo>
<item key="CA15286A-4C3D-903B-AD3E-89DA83226A77" value="true"/>
</engineerTo>
<adequatelyNormalized>NO</adequatelyNormalized>
<expectedVolumes>0</expectedVolumes>
<fwdEngineeringStrategyName>Single Table</fwdEngineeringStrategyName>
<growthPercent>0</growthPercent>
<growthType>Year</growthType>
<maxVolumes>9999999</maxVolumes>
<minVolumes>0</minVolumes>
<normalForm>Third</normalForm>
<attributes itemClass="oracle.dbtools.crest.model.design.logical.Attribute">
<Attribute name="numero do pedido" id="53FEB35B-A4FE-F986-52FB-D1E4DDA11585">
<createdBy>logonrmlocal</createdBy>
<createdTime>2023-04-01 01:05:29 UTC</createdTime>
<ownerDesignName>VendeBem</ownerDesignName>
<engineerTo>
<item key="CA15286A-4C3D-903B-AD3E-89DA83226A77" value="true"/>
</engineerTo>
<useDomainConstraints>false</useDomainConstraints>
<use>1</use>
<logicalDatatype>LOGDT019</logicalDatatype>
<ownDataTypeParameters>,,</ownDataTypeParameters>
</Attribute>
<Attribute name="data hora min atend" id="64B45E09-9530-7138-09A1-3DB807463C70">
<createdBy>logonrmlocal</createdBy>
<createdTime>2023-04-01 01:05:43 UTC</createdTime>
<ownerDesignName>VendeBem</ownerDesignName>
<engineerTo>
<item key="CA15286A-4C3D-903B-AD3E-89DA83226A77" value="true"/>
</engineerTo>
<useDomainConstraints>false</useDomainConstraints>
<use>1</use>
<logicalDatatype>LOGDT007</logicalDatatype>
<ownDataTypeParameters>,,</ownDataTypeParameters>
</Attribute>
<Attribute name="nome atendente" id="EFA75F38-8797-48C7-0AF2-5214448F5B27">
<createdBy>logonrmlocal</createdBy>
<createdTime>2023-04-01 01:06:01 UTC</createdTime>
<ownerDesignName>VendeBem</ownerDesignName>
<engineerTo>
<item key="CA15286A-4C3D-903B-AD3E-89DA83226A77" value="true"/>
</engineerTo>
<nullsAllowed>true</nullsAllowed>
<useDomainConstraints>false</useDomainConstraints>
<use>1</use>
<logicalDatatype>LOGDT025</logicalDatatype>
<ownDataTypeParameters>,,</ownDataTypeParameters>
</Attribute>
<Attribute name="forma pagamento" id="DB0A03C3-C285-E223-0B14-EE257DA8B6F5">
<createdBy>logonrmlocal</createdBy>
<createdTime>2023-04-01 01:06:11 UTC</createdTime>
<ownerDesignName>VendeBem</ownerDesignName>
<engineerTo>
<item key="CA15286A-4C3D-903B-AD3E-89DA83226A77" value="true"/>
</engineerTo>
<nullsAllowed>true</nullsAllowed>
<useDomainConstraints>false</useDomainConstraints>
<use>1</use>
<logicalDatatype>LOGDT025</logicalDatatype>
<ownDataTypeParameters>,,</ownDataTypeParameters>
</Attribute>
<Attribute name="nome cliente" id="FECFD9A7-84B8-610B-04BC-9FA957398CD7">
<createdBy>logonrmlocal</createdBy>
<createdTime>2023-04-01 01:06:20 UTC</createdTime>
<ownerDesignName>VendeBem</ownerDesignName>
<engineerTo>
<item key="CA15286A-4C3D-903B-AD3E-89DA83226A77" value="true"/>
</engineerTo>
<nullsAllowed>true</nullsAllowed>
<useDomainConstraints>false</useDomainConstraints>
<use>1</use>
<logicalDatatype>LOGDT025</logicalDatatype>
<ownDataTypeParameters>,,</ownDataTypeParameters>
</Attribute>
<Attribute name="qntd pessoas" id="0E614C1C-2F37-40EB-4226-FAA086A52895">
<createdBy>logonrmlocal</createdBy>
<createdTime>2023-04-01 01:06:30 UTC</createdTime>
<ownerDesignName>VendeBem</ownerDesignName>
<engineerTo>
<item key="CA15286A-4C3D-903B-AD3E-89DA83226A77" value="true"/>
</engineerTo>
<useDomainConstraints>false</useDomainConstraints>
<use>1</use>
<logicalDatatype>LOGDT019</logicalDatatype>
<ownDataTypeParameters>,,</ownDataTypeParameters>
</Attribute>
<Attribute name="data hora-fim atend" id="FA0566DC-FB65-5A22-38DF-4431C34C1F50">
<createdBy>logonrmlocal</createdBy>
<createdTime>2023-04-01 01:06:44 UTC</createdTime>
<ownerDesignName>VendeBem</ownerDesignName>
<engineerTo>
<item key="CA15286A-4C3D-903B-AD3E-89DA83226A77" value="true"/>
</engineerTo>
<nullsAllowed>true</nullsAllowed>
<useDomainConstraints>false</useDomainConstraints>
<use>1</use>
<logicalDatatype>LOGDT007</logicalDatatype>
<ownDataTypeParameters>,,</ownDataTypeParameters>
</Attribute>
<Attribute name="valor total venda" id="A76BC911-7222-F1AD-B939-95E8AC8D21DF">
<createdBy>logonrmlocal</createdBy>
<createdTime>2023-04-01 01:07:00 UTC</createdTime>
<ownerDesignName>VendeBem</ownerDesignName>
<engineerTo>
<item key="CA15286A-4C3D-903B-AD3E-89DA83226A77" value="true"/>
</engineerTo>
<nullsAllowed>true</nullsAllowed>
<useDomainConstraints>false</useDomainConstraints>
<use>1</use>
<logicalDatatype>LOGDT019</logicalDatatype>
<ownDataTypeParameters>,,</ownDataTypeParameters>
</Attribute>
<Attribute name="valor total desconto" id="96BCE4F2-15E2-9A5C-854D-0CCB95D095FB">
<createdBy>logonrmlocal</createdBy>
<createdTime>2023-04-01 01:07:19 UTC</createdTime>
<ownerDesignName>VendeBem</ownerDesignName>
<engineerTo>
<item key="CA15286A-4C3D-903B-AD3E-89DA83226A77" value="true"/>
</engineerTo>
<nullsAllowed>true</nullsAllowed>
<useDomainConstraints>false</useDomainConstraints>
<use>1</use>
<logicalDatatype>LOGDT019</logicalDatatype>
<ownDataTypeParameters>,,</ownDataTypeParameters>
</Attribute>
<Attribute name="numero mesa" id="C67C8F41-B509-478A-BEBA-47958B229942">
<createdBy>logonrmlocal</createdBy>
<createdTime>2023-04-01 01:07:29 UTC</createdTime>
<ownerDesignName>VendeBem</ownerDesignName>
<engineerTo>
<item key="CA15286A-4C3D-903B-AD3E-89DA83226A77" value="true"/>
</engineerTo>
<useDomainConstraints>false</useDomainConstraints>
<use>1</use>
<logicalDatatype>LOGDT019</logicalDatatype>
<ownDataTypeParameters>,,</ownDataTypeParameters>
</Attribute>
</attributes>
</Entity>