<?xml version = '1.0' encoding = 'UTF-8'?>
<Diagram class="oracle.dbtools.crest.swingui.relational.DPVRelational" name="Relational_1" id="FD7C5501-FB48-9EAC-0E4F-FBBA4F52C819">
<createdBy>logonrmlocal</createdBy>
<modifiedBy>logonrmlocal</modifiedBy>
<createdTime>2023-04-01 01:13:39 UTC</createdTime>
<autoRoute>false</autoRoute>
<boxInbox>true</boxInbox>
<showLegend>false</showLegend>
<showLabels>false</showLabels>
<showRelAttributes>false</showRelAttributes>
<gridEnabled>false</gridEnabled>
<showGrid>false</showGrid>
<diagramColor>-1</diagramColor>
<display>false</display>
<notation>1</notation>
<objectViews>
<OView class="oracle.dbtools.crest.swingui.relational.TVTable" oid="1D95CCF7-1441-3C9B-E9CF-B5285E020B51" otype="Table" vid="8C2A9FDC-D4C8-251C-E840-8C330767F51D">
<hideElementsInCurrentOnly>false</hideElementsInCurrentOnly>
<bounds x="34" y="148" width="183" height="102"/>
</OView>
<OView class="oracle.dbtools.crest.swingui.relational.TVTable" oid="B2CAED67-0C4F-CE9A-9BA5-70CAB6C403FC" otype="Table" vid="17802AFE-CD9C-B96E-C3DD-E4B4AD45EF8D">
<hideElementsInCurrentOnly>false</hideElementsInCurrentOnly>
<bounds x="249" y="21" width="200" height="112"/>
</OView>
<OView class="oracle.dbtools.crest.swingui.relational.TVTable" oid="FF909C32-CC99-D143-67CA-2086A24D0406" otype="Table" vid="66C73E37-B3D5-0AA3-010E-9E00157129F8">
<hideElementsInCurrentOnly>false</hideElementsInCurrentOnly>
<bounds x="32" y="21" width="190" height="110"/>
</OView>
</objectViews>
</Diagram>